timestamp,label,cpu_usage,cpu_delta,network_rx_rps,net_delta,memory_usage_mb,payment_cpu,restart_rate,pod_restarts_5m
2026-05-25 15:15:53,0,0.044741,-0.002003,53.020682,27.3377,1402.328125,0.000484,0.0,0.0
2026-05-25 15:16:12,0,0.142725,0.097984,194.907616,141.8869,1417.695312,0.00261,0.0,0.0
2026-05-25 15:16:34,0,0.194275,0.05155,300.818091,105.9105,1433.609375,0.006284,0.0,0.0
2026-05-25 15:16:54,0,0.18704,-0.007235,292.874237,-7.9439,1434.902344,0.004145,0.0,0.0
2026-05-25 15:17:13,0,0.165228,-0.021812,228.436825,-64.4374,1437.5625,0.002298,0.0,0.0
2026-05-25 15:17:34,0,0.113983,-0.051245,124.291857,-104.145,1438.207031,0.000615,0.0,0.0
2026-05-25 15:17:52,0,0.058673,-0.05531,53.745901,-70.546,1439.457031,0.000892,0.0,0.0
2026-05-25 15:18:13,0,0.11135,0.052677,147.555499,93.8096,1447.671875,0.004204,0.0,0.0
2026-05-25 15:18:30,0,0.13135,0.02,211.150601,63.5951,1441.554688,0.010469,0.0,0.0
2026-05-25 15:18:47,0,0.246877,0.115527,292.906,81.7554,1381.015625,0.011315,0.0,0.0
2026-05-25 15:19:04,0,0.306983,0.060106,294.003414,1.0974,1412.273438,0.009305,0.0,0.0
2026-05-25 15:19:20,0,0.253464,-0.053519,420.407757,126.4043,1432.667969,0.021071,0.0,0.0
2026-05-25 15:19:41,0,0.3267,0.073236,551.155755,130.748,1437.789062,0.025008,0.0,0.0
2026-05-25 15:20:01,0,0.251071,-0.075629,499.59353,-51.5622,1440.738281,0.007175,0.0,0.0
2026-05-25 15:20:21,0,0.126121,-0.12495,228.186267,-271.4073,1443.246094,0.004285,0.0,0.0
2026-05-25 15:20:43,0,0.061043,-0.065078,78.227725,-149.9585,1441.539062,0.003418,0.0,0.0
2026-05-25 15:21:05,0,0.054757,-0.006286,51.092722,-27.135,1442.542969,0.002976,0.0,0.0
2026-05-25 15:21:25,0,0.053553,-0.001204,32.621507,-18.4712,1441.757812,0.000947,0.0,0.0
2026-05-25 15:21:45,0,0.056782,0.003229,34.351313,1.7298,1438.421875,0.000667,0.0,0.0
2026-05-25 15:22:05,0,0.151618,0.094836,292.696294,258.345,1443.59375,0.0006,0.0,0.0
2026-05-25 15:22:27,0,0.261359,0.109741,410.843311,118.147,1460.589844,0.000599,0.0,0.0
2026-05-25 15:22:49,0,0.309534,0.048175,247.720481,-163.1228,1529.746094,0.000726,0.0,0.0
2026-05-25 15:23:15,0,0.316527,0.006993,181.288386,-66.4321,1525.796875,0.000548,0.0,0.0
2026-05-25 15:23:34,0,0.305601,-0.010926,143.681768,-37.6066,1654.121094,0.000575,0.0,0.0
2026-05-25 15:23:53,0,0.286916,-0.018685,247.803823,104.1221,790.417969,0.00094,0.0,0.0
2026-05-25 15:24:12,0,0.319771,0.032855,311.594893,63.7911,922.667969,0.000607,0.033333,1.111111
2026-05-25 15:24:32,0,0.263676,-0.056095,288.845272,-22.7496,1058.296875,0.000813,0.033333,1.111111
2026-05-25 15:24:52,0,0.311452,0.047776,269.807553,-19.0377,1094.273438,0.000901,0.0,1.111111
2026-05-25 15:25:14,0,0.306373,-0.005079,263.910561,-5.897,1117.164062,0.000533,0.0,1.111111
2026-05-25 15:25:36,0,0.307105,0.000732,247.019815,-16.8907,1173.054688,0.000555,0.0,1.111111
2026-05-25 15:25:56,0,0.27284,-0.034265,243.666371,-3.3534,1185.835938,0.000683,0.0,1.111111
2026-05-25 15:26:18,0,0.263693,-0.009147,251.208139,7.5418,1209.40625,0.000806,0.0,1.111111
2026-05-25 15:26:37,0,0.263569,-0.000124,254.599017,3.3909,1236.914062,0.000544,0.0,1.111111
2026-05-25 15:26:55,0,0.322406,0.058837,473.604383,219.0054,1263.027344,0.000832,0.0,1.111111
2026-05-25 15:27:14,0,0.373915,0.051509,507.5877,33.9833,1391.800781,0.000519,0.0,1.111111
2026-05-25 15:27:35,0,0.269964,-0.103951,209.577507,-298.0102,1404.738281,0.000532,0.0,1.111111
2026-05-25 15:27:56,0,0.277974,0.00801,164.135846,-45.4417,1510.871094,0.000685,0.0,1.111111
2026-05-25 15:28:19,0,0.288305,0.010331,357.020215,192.8844,1580.398438,0.000561,0.0,1.111111
2026-05-25 15:28:42,0,0.281231,-0.007074,354.81062,-2.2096,797.933594,0.000578,0.033333,1.111111
2026-05-25 15:29:03,0,0.290865,0.009634,375.309063,20.4984,851.707031,0.001057,0.033333,1.111111
2026-05-25 15:29:26,0,0.29381,0.002945,468.603122,93.2941,973.246094,0.001048,0.0,1.111111
2026-05-25 15:29:47,0,0.324771,0.030961,376.822582,-91.7805,1085.832031,0.000749,0.0,1.111111
2026-05-25 15:30:07,0,0.303615,-0.021156,403.584192,26.7616,1105.582031,0.000611,0.0,1.111111
2026-05-25 15:30:25,0,0.353494,0.049879,465.823542,62.2394,1157.578125,0.000518,0.0,1.111111
2026-05-25 15:33:56,1,0.245744,-0.07343,281.952218,-1.1697,836.871094,0.000661,0.033333,1.111111
2026-05-25 15:34:14,1,0.455322,0.209578,1184.521605,902.5694,1170.660156,0.000469,0.0,1.111111
2026-05-25 15:34:31,1,0.586147,0.130825,1542.987719,358.4661,1090.179688,0.000548,0.0,1.111111
2026-05-25 15:34:49,1,0.382378,-0.203769,721.48235,-821.5054,1083.972656,0.000749,0.033333,2.222222
2026-05-25 15:35:06,1,0.283457,-0.098921,163.961101,-557.5212,1143.550781,0.000507,0.033333,2.222222
2026-05-25 15:35:24,1,0.27366,-0.009797,216.740449,52.7793,1193.273438,0.000803,0.0,2.222222
2026-05-25 15:35:43,1,0.393587,0.119927,496.248274,279.5078,1254.847656,0.000512,0.0,2.222222
2026-05-25 15:36:01,1,0.515498,0.121911,1063.583132,567.3349,1316.8125,0.000841,0.0,2.222222
2026-05-25 15:36:18,1,0.529078,0.01358,1002.561668,-61.0215,1226.734375,0.000665,0.0,2.222222
2026-05-25 15:36:36,1,0.335474,-0.193604,318.163565,-684.3981,1237.957031,0.00064,0.0,2.222222
2026-05-25 15:36:54,1,0.331409,-0.004065,312.749768,-5.4138,1252.890625,0.000996,0.033333,3.333333
2026-05-25 15:37:11,1,0.339945,0.008536,355.09847,42.3487,1359.445312,0.000739,0.0,3.333333
2026-05-25 15:37:32,1,0.307271,-0.032674,418.398168,63.2997,1414.535156,0.000545,0.0,3.333333
2026-05-25 15:37:55,1,0.394618,0.087347,723.969796,305.5716,1500.8125,0.00027,0.0,3.333333
2026-05-25 15:38:16,1,0.441292,0.046674,875.253986,151.2842,1540.0625,0.000552,0.0,2.222222
2026-05-25 15:38:36,1,0.276559,-0.164733,540.051005,-335.203,835.515625,0.000564,0.033333,3.333333
2026-05-25 15:39:01,1,0.499989,0.22343,1403.869776,863.8188,1026.628906,0.000708,0.033333,3.333333
2026-05-25 15:39:23,1,0.575728,0.075739,1437.812212,33.9424,1125.464844,0.001091,0.0,2.222222
2026-05-25 15:39:41,1,0.472857,-0.102871,932.952577,-504.8596,1199.386719,0.00067,0.0,2.222222
2026-05-25 15:40:01,1,0.736029,0.263172,2066.440457,1133.4879,1179.738281,0.00052,0.0,2.222222
2026-05-25 15:40:22,1,0.590414,-0.145615,1582.461547,-483.9789,1222.828125,0.000841,0.0,2.222222
2026-05-25 15:40:43,1,0.358021,-0.232393,520.792798,-1061.6687,1253.003906,0.000544,0.033333,3.333333
2026-05-25 15:41:02,1,0.286357,-0.071664,207.150621,-313.6422,1244.738281,0.000461,0.033333,3.333333
2026-05-25 15:41:20,1,0.360397,0.07404,528.740681,321.5901,1272.449219,0.000656,0.0,2.222222
2026-05-25 15:41:42,1,0.416474,0.056077,838.655018,309.9143,1357.667969,0.000576,0.0,2.222222
2026-05-25 15:42:05,1,0.561431,0.144957,1319.469175,480.8142,1444.257812,0.000519,0.0,2.222222
2026-05-25 15:42:24,1,0.527037,-0.034394,1011.255393,-308.2138,1476.960938,0.000696,0.0,2.222222
2026-05-25 15:42:42,1,0.359628,-0.167409,595.09435,-416.161,812.363281,0.000525,0.033333,3.333333
2026-05-25 15:42:59,1,0.287191,-0.072437,924.728519,329.6342,820.753906,0.000664,0.033333,3.333333
2026-05-25 15:43:17,1,0.384552,0.097361,972.855766,48.1272,1071.539062,0.000459,0.033333,3.333333
2026-05-25 15:43:34,1,0.32449,-0.060062,323.765902,-649.0899,1102.390625,0.000611,0.033333,3.333333
2026-05-25 15:43:51,1,0.334141,0.009651,362.637066,38.8712,1140.824219,0.000727,0.0,3.333333
2026-05-25 15:44:09,1,0.390963,0.056822,473.810937,111.1739,1210.613281,0.000543,0.0,3.333333
2026-05-25 15:44:27,1,0.528156,0.137193,1105.641274,631.8303,1299.734375,0.000757,0.0,3.333333
2026-05-25 15:44:44,1,0.720307,0.192151,2458.019113,1352.3778,1288.425781,0.000687,0.033333,4.444444
2026-05-25 15:45:02,1,0.667184,-0.053123,2376.597086,-81.422,1302.714844,0.00073,0.033333,4.444444
2026-05-25 15:45:19,1,0.506591,-0.160593,1980.167918,-396.4292,1296.597656,0.00094,0.0,3.333333
2026-05-25 15:45:38,1,0.340757,-0.165834,486.476752,-1493.6912,1307.21875,0.00061,0.0,3.333333
2026-05-25 15:45:56,1,0.482148,0.141391,1171.317266,684.8405,1424.875,0.000341,0.0,3.333333
2026-05-25 15:46:13,1,0.643036,0.160888,1797.582613,626.2653,1582.414062,0.000605,0.0,3.333333
2026-05-25 15:46:32,1,0.611874,-0.031162,1463.172918,-334.4097,1521.179688,0.000727,0.0,3.333333
2026-05-25 15:46:49,1,0.543281,-0.068593,1686.59954,223.4266,1554.953125,0.000593,0.0,3.333333
2026-05-25 15:47:07,1,0.473268,-0.070013,1468.062212,-218.5373,1624.796875,0.000538,0.0,3.333333
2026-05-25 15:47:24,1,0.469974,-0.003294,905.685909,-562.3763,917.40625,0.000464,0.033333,3.333333
2026-05-25 15:47:41,1,0.306534,-0.16344,653.539169,-252.1467,1086.527344,0.000623,0.0,2.222222
2026-05-25 15:47:59,1,0.352858,0.046324,903.536842,249.9977,1089.753906,0.00079,0.0,2.222222
2026-05-25 15:48:16,1,0.49583,0.142972,1316.585725,413.0489,1156.957031,0.000576,0.0,2.222222
2026-05-25 15:48:33,1,0.462337,-0.033493,958.704668,-357.8811,1163.804688,0.000613,0.0,2.222222
2026-05-25 15:51:03,2,0.098296,0.025089,100.42478,79.8835,1315.597656,0.000604,0.0,2.222222
2026-05-25 15:51:22,2,0.260536,0.16224,399.856435,299.4317,1298.621094,0.000583,0.0,2.222222
2026-05-25 15:51:40,2,0.370889,0.110353,444.01219,44.1558,1430.113281,0.000484,0.0,1.111111
2026-05-25 15:51:58,2,0.310888,-0.060001,188.57734,-255.4348,1466.460938,0.000427,0.0,1.111111
2026-05-25 15:52:15,2,0.271473,-0.039415,89.166365,-99.411,1532.785156,0.00055,0.0,1.111111
2026-05-25 15:52:33,2,0.304247,0.032774,257.405155,168.2388,1608.367188,0.000621,0.0,1.111111
2026-05-25 15:52:52,2,0.316835,0.012588,308.199011,50.7939,1632.453125,0.00077,0.0,1.111111
2026-05-25 15:53:10,2,0.28069,-0.036145,200.914132,-107.2849,1682.097656,0.000635,0.0,1.111111
2026-05-25 15:53:27,2,0.345114,0.064424,198.096765,-2.8174,1638.570312,0.053225,0.0,1.111111
2026-05-25 15:53:44,2,0.388162,0.043048,202.337711,4.2409,1703.003906,0.08802,0.0,0.0
2026-05-25 15:54:03,2,0.367231,-0.020931,242.955935,40.6182,1707.75,0.090208,0.0,0.0
2026-05-25 15:54:24,2,0.307891,-0.05934,261.044632,18.0887,1704.480469,0.0,0.0,0.0
2026-05-25 15:54:44,2,0.329144,0.021253,290.39484,29.3502,1715.390625,0.0,0.0,0.0
2026-05-25 15:55:06,2,0.323675,-0.005469,249.91627,-40.4786,1717.601562,0.0,0.0,0.0
2026-05-25 15:55:27,2,0.32848,0.004805,295.525356,45.6091,1764.699219,0.0,0.0,0.0
2026-05-25 15:55:48,2,0.282302,-0.046178,318.789198,23.2638,1767.8125,0.0,0.0,0.0
2026-05-25 15:56:12,2,0.320282,0.03798,316.912374,-1.8768,1769.695312,0.0,0.0,0.0
2026-05-25 15:56:34,2,0.333095,0.012813,361.494307,44.5819,1797.027344,0.0,0.0,0.0
2026-05-25 15:56:55,2,0.26427,-0.068825,348.651809,-12.8425,807.636719,0.0,0.0,0.0
2026-05-25 15:57:18,2,0.273353,0.009083,446.465287,97.8135,1039.792969,0.0,0.033333,1.111111
2026-05-25 15:57:38,2,0.351747,0.078394,449.150688,2.6854,1112.609375,0.0,0.0,1.111111
2026-05-25 15:57:58,2,0.28355,-0.068197,350.535573,-98.6151,1120.3125,0.0,0.0,1.111111
2026-05-25 15:58:20,2,0.337787,0.054237,412.146602,61.611,1189.25,0.0,0.0,1.111111
2026-05-25 15:58:39,2,0.349006,0.011219,438.780771,26.6342,1205.164062,0.0,0.0,1.111111
2026-05-25 15:59:01,2,0.330056,-0.01895,325.195411,-113.5854,1223.523438,0.0,0.0,1.111111
2026-05-25 15:59:21,2,0.326528,-0.003528,383.959452,58.764,1255.523438,0.0,0.0,1.111111
2026-05-25 15:59:42,2,0.326972,0.000444,376.349174,-7.6103,1277.683594,0.0,0.0,1.111111
2026-05-25 15:59:59,2,0.323333,-0.003639,368.550127,-7.799,1302.574219,0.0,0.0,1.111111
2026-05-25 16:00:19,2,0.249208,-0.074125,364.25387,-4.2963,1403.5,0.0,0.0,1.111111
2026-05-25 16:00:41,2,0.279075,0.029867,168.567741,-195.6861,1406.441406,0.0,0.0,1.111111
2026-05-25 16:01:01,2,0.249529,-0.029546,141.366964,-27.2008,1467.429688,0.0,0.0,1.111111
2026-05-25 16:01:20,2,0.321499,0.07197,384.42593,243.059,1486.371094,0.0,0.0,1.111111
2026-05-25 16:01:41,2,0.339987,0.018488,335.38935,-49.0366,1529.710938,0.0,0.0,0.0
2026-05-25 16:02:01,2,0.279236,-0.060751,154.370131,-181.0192,1615.15625,0.0,0.0,0.0
2026-05-25 16:02:22,2,0.277283,-0.001953,118.465582,-35.9045,1621.546875,0.0,0.0,0.0
2026-05-25 16:02:43,2,0.314797,0.037514,225.840852,107.3753,1716.292969,0.0,0.0,0.0
2026-05-25 16:03:00,2,0.329292,0.014495,269.579574,43.7387,1716.910156,0.0,0.0,0.0
2026-05-25 16:03:18,2,0.26638,-0.062912,232.179469,-37.4001,1785.945312,0.0,0.0,0.0
2026-05-25 16:03:37,2,0.294788,0.028408,167.941562,-64.2379,1788.785156,0.0,0.0,1.111111
2026-05-25 16:03:56,2,0.233405,-0.061383,254.047521,86.106,811.140625,0.0,0.033333,1.111111
2026-05-25 16:04:14,2,0.26072,0.027315,511.689043,257.6415,1059.339844,0.0,0.0,1.111111
2026-05-25 16:04:33,2,0.351724,0.091004,484.147482,-27.5416,1094.835938,0.0,0.0,1.111111
2026-05-25 16:04:51,2,0.329317,-0.022407,344.731849,-139.4156,1117.464844,0.0,0.0,1.111111
2026-05-25 16:05:10,2,0.307743,-0.021574,339.60049,-5.1314,1146.121094,0.0,0.0,1.111111
2026-05-25 16:05:28,2,0.299238,-0.008505,414.979764,75.3793,1188.328125,0.0,0.0,1.111111
